{
  "AmbroseValley": {
    "origin_x": -187.75234985351562,
    "origin_z": -365.1532287597656,
    "scale": 735.8816757202148
  },
  "GrandRift": {
    "origin_x": -224.3072052001953,
    "origin_z": -156.37603759765625,
    "scale": 336.6119018554688
  },
  "Lockdown": {
    "origin_x": 15.522748947143555,
    "origin_z": 121.46720123291016,
    "scale": 202.49262657165528
  }
}
